F-statistic,p-value
2.2952920676905637,0.0033394900339096993
