F-statistic,p-value
2.2952920676905633,0.0033394900339096993
