Statistic,p-value
27.267332471471573,0.026632210353131083
